dealerId,shopName,ownerName,phone,address,geo,active,type,createdBy,createdAt,updatedAt
R2tpOyMmkWIdU8v4r0Gh,नगर हॉस्पिटल,,,,"19.1084383,74.7432129",,,87auN2hcCjQiCOIOEXQPt1fhkxm2,2026-09-22T09:52:37.533Z,
ZUTQ96oysQUVYkvDJYQJ,Vishal Nagare,,,,"20.0694307,74.546063",,,xxVwF7gwr8ccwfhrj95CR8eWsIX2,2026-09-08T12:26:27.279Z,
R2iA7Vfjz5dxG5EHIPaB,Sai Ksk Yeola,,,,"20.0407049,74.492058",,,xxVwF7gwr8ccwfhrj95CR8eWsIX2,2026-09-11T08:17:38.356Z,
36jYuIi26wVfE54y8EIx,Pune Aayukattalay Pune,,,,"18.4744433,73.8542883",,,87auN2hcCjQiCOIOEXQPt1fhkxm2,2026-09-17T08:10:54.170Z,
cn4amn27TH6pnJsyNKSb,Jay Shree Ram Agro Services,,,,"20.0512355,74.4802061",,,xxVwF7gwr8ccwfhrj95CR8eWsIX2,2026-09-25T05:05:10.082Z,
QLPU6gqaW3R2tWIcD0co,KSK Mumbai,,,,"19.075984,72.877656",,,gI7IdbK1uoS3rpNhpqmrbuGS6FO2,2026-07-09T12:32:18.830Z,
Bt6Ve6QQ6VMHiCTWFP0W,Jay Shree Ksk Bhatgaon,,,,"20.0666023,74.4547525",,,xxVwF7gwr8ccwfhrj95CR8eWsIX2,2026-09-15T04:32:43.294Z,
jrwb0GyFLKtgwh4rayZb,Karan Arjun Ksk,,,,"18.5924317,74.9265401",,,87auN2hcCjQiCOIOEXQPt1fhkxm2,2026-09-16T05:49:54.529Z,
3NDlyaFysNdrnZeiYJTz,Audumbar Ksk Vicur,,,,"20.1008498,74.2242109",,,xxVwF7gwr8ccwfhrj95CR8eWsIX2,2026-09-14T05:58:06.379Z,
hREo1t7A54hE7DQs4dmV,Shree Ram Agro Yeola,,,,"20.0505715,74.4806483",,,xxVwF7gwr8ccwfhrj95CR8eWsIX2,2026-09-12T04:43:41.704Z,
Qa2fhprrPSPKBkCpEKUT,Sai KSK,,,,"19.075984,72.877656",,,dsej57IShUednt99ukDmB6Jys6f1,2026-07-10T12:17:52.343Z,
49x9gquA2zZw43FgIeu5,Desai Ksk,,,,"20.0420085,74.484051",,,xxVwF7gwr8ccwfhrj95CR8eWsIX2,2026-09-23T06:54:50.581Z,
T0OKzyTEEpXCwB2M64Ph,Darade Fartilizer,,,,"20.2611361,74.4387034",,,xxVwF7gwr8ccwfhrj95CR8eWsIX2,2026-09-22T05:52:16.350Z,
bNdnqaqCab18cfybKrMr,Kapse Patil Ksk Vadagon,,,,"20.0642117,74.5137715",,,xxVwF7gwr8ccwfhrj95CR8eWsIX2,2026-09-10T06:28:05.308Z,
JX6AC29pCQ8f77yQGwZw,Dhanajay Ksk Manmad,,,,"20.2638563,74.4320473",,,xxVwF7gwr8ccwfhrj95CR8eWsIX2,2026-09-17T05:46:39.672Z,
9poKCBeJ01yRFAqTXjto,Vyankatesh Seeds Yeola,,,,"20.0425887,74.4845227",,,xxVwF7gwr8ccwfhrj95CR8eWsIX2,2026-09-26T08:29:15.834Z,
8bHwH4mZm5whHrj29BGJ,Karan Arjun,,,,"18.7405844,73.6372073",,,dsej57IShUednt99ukDmB6Jys6f1,2026-09-08T12:15:32.306Z,
hJPe7SmikyvD0O5jr94w,Aran Agro,,,,"20.2314924,74.7544558",,,xxVwF7gwr8ccwfhrj95CR8eWsIX2,2026-09-18T10:42:23.756Z,
RV3O42UOUVk5cQ1F7OpM,Krushi Phandri Ksk Kondagaon,,,,"20.1008927,74.2239436",,,xxVwF7gwr8ccwfhrj95CR8eWsIX2,2026-09-14T05:58:06.444Z,