dealerId,shopName,geo,createdBy,createdAt,visitSequence,visitedAt,visitDocId
36jYuIi26wVfE54y8EIx,Pune Aayukattalay Pune,"18.4744433,73.8542883",87auN2hcCjQiCOIOEXQPt1fhkxm2,2026-09-17T08:10:54.170Z,1,2026-09-17T08:10:54.170Z,B4dkVF7znSOoQYnRGfpX
3NDlyaFysNdrnZeiYJTz,Audumbar Ksk Vicur,"20.1008498,74.2242109",xxVwF7gwr8ccwfhrj95CR8eWsIX2,2026-09-14T05:58:06.379Z,1,2026-09-14T05:58:06.379Z,hbw49mMLuZXrOXRgXFao
3NDlyaFysNdrnZeiYJTz,Audumbar Ksk Vicur,"20.1008962,74.2239418",xxVwF7gwr8ccwfhrj95CR8eWsIX2,2026-09-14T05:58:06.470Z,1,2026-09-14T05:58:06.470Z,PWffVBaptPaTdO2GGVMe
49x9gquA2zZw43FgIeu5,Desai Ksk,"20.0420085,74.484051",xxVwF7gwr8ccwfhrj95CR8eWsIX2,2026-09-23T06:54:50.581Z,1,2026-09-23T06:54:50.581Z,SEHGjRHVJAO64MtZWyA1
8bHwH4mZm5whHrj29BGJ,Karan Arjun,"18.7405844,73.6372073",dsej57IShUednt99ukDmB6Jys6f1,2026-09-08T12:15:32.306Z,1,2026-09-08T12:15:32.306Z,rpXcexehjNcu0tzcVIIU
9poKCBeJ01yRFAqTXjto,Vyankatesh Seeds Yeola,"20.0425887,74.4845227",xxVwF7gwr8ccwfhrj95CR8eWsIX2,2026-09-26T08:29:15.834Z,1,2026-09-26T08:29:15.834Z,i04dv5KU1XJeHkOGZiPl
bNdnqaqCab18cfybKrMr,Kapse Patil Ksk Vadagon,"20.0642117,74.5137715",xxVwF7gwr8ccwfhrj95CR8eWsIX2,2026-09-10T06:28:05.308Z,1,2026-09-10T06:28:05.308Z,WXX0oEuFE9xGLdyaANpU
Bt6Ve6QQ6VMHiCTWFP0W,Jay Shree Ksk Bhatgaon,"20.0666023,74.4547525",xxVwF7gwr8ccwfhrj95CR8eWsIX2,2026-09-15T04:32:43.294Z,1,2026-09-15T04:32:43.294Z,e8VCCEB9iQqdhM0cuAlG
Bt6Ve6QQ6VMHiCTWFP0W,Jay Shree Ksk Bhatgaon,"20.0498509,74.4816143",xxVwF7gwr8ccwfhrj95CR8eWsIX2,2026-09-24T09:57:28.879Z,1,2026-09-24T09:57:28.879Z,L9dLSFBzfv9D5ncbKZGt
cn4amn27TH6pnJsyNKSb,Jay Shree Ram Agro Services,"20.0512355,74.4802061",xxVwF7gwr8ccwfhrj95CR8eWsIX2,2026-09-25T05:05:10.082Z,1,2026-09-25T05:05:10.082Z,GqCgKTZVTeSejPoqSmuT
hJPe7SmikyvD0O5jr94w,Aran Agro,"20.2314924,74.7544558",xxVwF7gwr8ccwfhrj95CR8eWsIX2,2026-09-18T10:42:23.756Z,1,2026-09-18T10:42:23.756Z,wmQj9DOfa3mz8MPwjTVC
hREo1t7A54hE7DQs4dmV,Shree Ram Agro Yeola,"20.0505715,74.4806483",xxVwF7gwr8ccwfhrj95CR8eWsIX2,2026-09-12T04:43:41.704Z,1,2026-09-12T04:43:41.704Z,QLbcjT40i6uJ2Gpachhu
jrwb0GyFLKtgwh4rayZb,Karan Arjun Ksk,"18.5924317,74.9265401",87auN2hcCjQiCOIOEXQPt1fhkxm2,2026-09-16T05:49:54.529Z,1,2026-09-16T05:49:54.529Z,M1Kdvgl2kcOcGXfncrLw
jrwb0GyFLKtgwh4rayZb,Karan Arjun Ksk,"18.5911194,74.925742",87auN2hcCjQiCOIOEXQPt1fhkxm2,2026-09-18T03:51:19.286Z,1,2026-09-18T03:51:19.286Z,yAkxvBAvAUvCsTJqeu8R
jrwb0GyFLKtgwh4rayZb,Karan Arjun Ksk,"18.5911191,74.9257392",87auN2hcCjQiCOIOEXQPt1fhkxm2,2026-09-19T05:21:10.997Z,1,2026-09-19T05:21:10.997Z,Q5U7VFPUZY0soqmohqco
jrwb0GyFLKtgwh4rayZb,Karan Arjun Ksk,"18.59107,74.9255465",87auN2hcCjQiCOIOEXQPt1fhkxm2,2026-09-20T06:03:08.588Z,1,2026-09-20T06:03:08.588Z,MPJAfbBxB27qIS5p10jL
JX6AC29pCQ8f77yQGwZw,Dhanajay Ksk Manmad,"20.2638563,74.4320473",xxVwF7gwr8ccwfhrj95CR8eWsIX2,2026-09-17T05:46:39.672Z,1,2026-09-17T05:46:39.672Z,hTHOG5IEX6k6zhiQtscl
Qa2fhprrPSPKBkCpEKUT,Sai KSK,"19.075984,72.877656",dsej57IShUednt99ukDmB6Jys6f1,2026-07-10T12:17:52.343Z,1,2026-07-10T12:17:52.343Z,RcpyHA4CcoeQmaq1jGSw
QLPU6gqaW3R2tWIcD0co,KSK Mumbai,"19.075984,72.877656",gI7IdbK1uoS3rpNhpqmrbuGS6FO2,2026-07-09T12:32:18.830Z,1,2026-07-09T12:32:18.830Z,IIMw7gjObSnTQaLjMZv0
QLPU6gqaW3R2tWIcD0co,KSK Mumbai,"18.7405826,73.6371973",dsej57IShUednt99ukDmB6Jys6f1,2026-09-04T04:45:53.447Z,1,2026-09-04T04:45:53.447Z,bNwdwH1lMwj7XD33AQBe
R2iA7Vfjz5dxG5EHIPaB,Sai Ksk Yeola,"20.0407049,74.492058",xxVwF7gwr8ccwfhrj95CR8eWsIX2,2026-09-11T08:17:38.356Z,1,2026-09-11T08:17:38.356Z,9XPoQ8hEBXNnaLPxOvaV
R2tpOyMmkWIdU8v4r0Gh,नगर हॉस्पिटल,"19.1084383,74.7432129",87auN2hcCjQiCOIOEXQPt1fhkxm2,2026-09-22T09:52:37.533Z,1,2026-09-22T09:52:37.533Z,52pLMAGXs9T3Gw9HT2By
RV3O42UOUVk5cQ1F7OpM,Krushi Phandri Ksk Kondagaon,"20.1008927,74.2239436",xxVwF7gwr8ccwfhrj95CR8eWsIX2,2026-09-14T05:58:06.444Z,1,2026-09-14T05:58:06.444Z,y3SqBqO6IrmjtNDgIMzE
T0OKzyTEEpXCwB2M64Ph,Darade Fartilizer,"20.2611361,74.4387034",xxVwF7gwr8ccwfhrj95CR8eWsIX2,2026-09-22T05:52:16.350Z,1,2026-09-22T05:52:16.350Z,WN09Ji7V7oi5TSWTJeR5
ZUTQ96oysQUVYkvDJYQJ,Vishal Nagare,"20.0694307,74.546063",xxVwF7gwr8ccwfhrj95CR8eWsIX2,2026-09-08T12:26:27.279Z,1,2026-09-08T12:26:27.279Z,5DwQxsuI2bu42YSvYurO
ZUTQ96oysQUVYkvDJYQJ,Vishal Nagare,"20.1022323,74.2251586",xxVwF7gwr8ccwfhrj95CR8eWsIX2,2026-09-09T07:20:00.861Z,1,2026-09-09T07:20:00.861Z,7AWSDgUWg37ieE7luFBA
ZUTQ96oysQUVYkvDJYQJ,Vishal Nagare,"20.0692043,74.5460667",xxVwF7gwr8ccwfhrj95CR8eWsIX2,2026-09-16T02:25:07.642Z,1,2026-09-16T02:25:07.642Z,V8z7hwKwzFeWcyB60bdv
ZUTQ96oysQUVYkvDJYQJ,Vishal Nagare,"20.071178,74.5468982",xxVwF7gwr8ccwfhrj95CR8eWsIX2,2026-09-19T02:28:23.752Z,1,2026-09-19T02:28:23.752Z,UQHOi2GutIOwcNkI1VjN
ZUTQ96oysQUVYkvDJYQJ,Vishal Nagare,"20.0693179,74.5461078",xxVwF7gwr8ccwfhrj95CR8eWsIX2,2026-09-21T03:00:47.152Z,1,2026-09-21T03:00:47.152Z,8xaD7cmefQpFPBbg0Fb9
ZUTQ96oysQUVYkvDJYQJ,Vishal Nagare,"20.069682,74.5460839",xxVwF7gwr8ccwfhrj95CR8eWsIX2,2026-09-28T01:22:53.237Z,1,2026-09-28T01:22:53.237Z,M76zpVop5jkPOenLJRra
ZUTQ96oysQUVYkvDJYQJ,Vishal Nagare,"20.0695151,74.5460682",xxVwF7gwr8ccwfhrj95CR8eWsIX2,2026-09-29T01:54:28.142Z,1,2026-09-29T01:54:28.142Z,zkWlUDR5GGUP6O98xh4N