S.No.,Shop Name,Owner Name,Type,Phone Number,Area / Address
1,image upload,kunal test,Retailer,8855664422,testing image upload
2,Darade Fertilizer,Darade Bapu,Retailer,9028557845,Manmad
3,Dharti Agro,Vinay Jagadale,Retailer,8481125533,Lasalgaon
4,Aran Agro,Kale Ajay,Retailer,9512235689,Kasari
5,Pune Aayukattalay Pune,आयुक्त पुणे,Retailer,1234567897,Pune
6,Dhanajay Ksk Manmad,Jagtap,Retailer,8007397397,Manmad
7,Sai Mungeri Ksk,Ajay Shate,Retailer,9370798157,Vaijapur
8,Sadguru Ksk Mahalgaon,Vikas Shet,Retailer,9822134523,Mahalgaon
9,Karan Arjun Ksk Bhatgaon,Tanpure Madam,Retailer,8624805892,Nandgaon
10,Jay Shree Ksk Bhatgaon,Vijay,Retailer,9028153127,Bhatgaon
11,Krushi Nandan Ksk,Gadvhe,Retailer,8080457532,Vincur
12,Audumbar Ksk Vicur,Deharde,Retailer,9922191582,Vincur
13,Krushi Phandri Ksk Kondagaon,Ganesh Bhadhge,Retailer,7972751847,Kandagaon
14,Jay Shree Ram Agro Services,Vijay,Retailer,9028153127,Yeola
15,Sai Ksk Yeola,Jejuarkar,Retailer,9812557812,Yeola
16,Vyankatesh Seeds Yeola,Sanket Atal,Retailer,8275255143,Yeola
17,Kapse Patil Ksk Vadagon,Balu Kapse,Retailer,8551083623,Vadagon
18,Shree Ram Agro Yeola,Sagar Deshmukh,Retailer,9423187705,Yeola
19,Ajit Bhandar,Ajikay Kabara,Retailer,9028913223,Yeola
20,Vishal Nagare,Vishal,Distributor,9834223554,Matulthan